{
  "dataset_mode": "CK+48-6cls-peak-only",
  "num_samples": 309,
  "labels": [
    "surprise",
    "fear",
    "disgust",
    "happy",
    "sadness",
    "anger"
  ],
  "overall_accuracy": 0.025889967637540454,
  "mean_accuracy": 0.038518518518518514,
  "macro_f1": 0.03217684462083387,
  "per_class_accuracy": {
    "surprise": 0.0,
    "fear": 0.12,
    "disgust": 0.0,
    "happy": 0.0,
    "sadness": 0.0,
    "anger": 0.1111111111111111
  }
}